ticker,date,body,score,compound,bearish,neutral,bullish
BB,09/02/2021 04:00,"They are the forefront in the AI Autonomous cyber security software market, there is no other competitors besides Google, but does not have the patents and broad variety of software that BB provides. Partnerships with the 19 of the top 25 EV companies which make up 61% of the EV market. Not to mention the recent deal with ticker: BIDU to provide their QNX System to over 175 million EVâ€™s. Theyâ€™ve successfully moved on from their product sales of phones and at most majority of revenue comes from the software they provide to homes, stations, and EVs. 

They have completely wiped their department, obviously bringing in the Almighty papa chen whoâ€™s know for reviving software companies such as Sybase! A billion dollar software company with reported 55 consecutive profitable quarterly earning reports before they were bought out by SAP. Chen also announced today they signed a contract to provide power and cyber security to ISS for the next moon landing.

If you look at the analytics of their department, they revamped the company completely. By browsing linkedin they have a 3:1 ratio of engineers to sales, which means they are keen on developing their product and not so worried about sales. 

Edit: I also want to point out by looking at the TA from February 2nd on, BB is the only stock with a higher moving average to that of GME AMC and NOK. Throughout last week we can see it breaking the meme trend and acting on its own. Sorry Iâ€™m not sure how to add pictures but if you have the resources, youâ€™ll see if you overlay all 4 stocks, they move very similar, but BB is the only one that breaks out right before market close. 

Edit 2: Thereâ€™s a rumor that BB executives sold shares with the incentive to leave, remit ownership from BB, or have concerns of company being overvalued. Shares given to these executives are part of their salary compensation, so under company policy, they have every right to sell shares for capital gains. You can google search this yourself if you donâ€™t believe so. 

EOY target is $60

BB Literally to the moon 

17c 3/5 @20",1998,0.9851,0.018,0.883,0.099
FB,09/02/2021 05:00,"Great long term play, and lately, BB is gaining a lot of short term traction. Media is picking up BB as a good buy, and BB is also bouncing back fast after a dip related to Robinhood restricting buying, misunderstood reports of execs selling (they do this regularly), and shorts riding the wave down to make a profit, which created artificial downward pressure.

BB also got a PT upgrade from Zacks to $29 and is rated as a strong buy on most websites now

Upcoming catalysts include settlement from FB (this month), Amazon + BB conference (this month), Q4 earnings (this month), and launching of more products and revenue streams related to IVY later this year

[DD1](https://old.reddit.com/r/wallstreetbets/comments/l4ehan/blackberry_dd/)

[DD2]
(https://old.reddit.com/r/wallstreetbets/comments/l3nxjh/on_january_12th_blackberry_presented_at_the/)

[DD3]
(https://www.reddit.com/r/wallstreetbets/comments/kxknrl/bb_dd_9_reasons_why_bb_is_from_former_bb_employee/)

[DD4]
(https://new.reddit.com/r/wallstreetbets/comments/l0a1p5/the_full_dd_on_bb_an_elon_muskjeff_bezos_sandwich/)

[part 1 BB DD](https://www.reddit.com/r/wallstreetbets/comments/lamg0y/bb_dd_no_meems_part_1/)

[part 2 BB DD]
(https://www.reddit.com/r/wallstreetbets/comments/lamill/bb_dd_no_meems_part_2/)

[part 3 BB DD]
(https://www.reddit.com/r/wallstreetbets/comments/lb4e2m/part_3_bb_dd_no_meems_fuck_the_memes/)

[part 4 BB DD]
(https://old.reddit.com/r/wallstreetbets/comments/lc0oof/part_4_bb_no_meems_plus_gme_amc_nok_ties_that_bind/)

[part 5 BB DD]
(https://old.reddit.com/r/wallstreetbets/comments/lcwhbi/part_5_bb_dd_no_meems_bulls_bears/)

[another BB DD](https://old.reddit.com/r/wallstreetbets/comments/le53ol/comprehensive_guide_about_bb_and_how_it_shall/)

*This is not financial advice, do your own DD*

14k shares BB; 10x 8/17/21 20c BB",25,0.9442,0.041,0.818,0.14
CRSR,08/02/2021 14:00,"CRSR is hot right now, but not much talked about. I cant wait for the ER tomorrow!",183,0,0,1,0
PLTR,08/02/2021 14:00,"Thanks! I am currently working on making Blackberry my 2nd -3rd biggest holding, right after PLTR and AAPL.",138,0.4926,0,0.834,0.166
AMD,08/02/2021 14:00,Thnaks for this. AMD baffles me. I know the acquisition is holding the company back but earnings crushed it. I think this one is not priced correctly given the historic highs of the market and the company's track record. Holding hard but its been disappointing.,940,-0.8625,0.194,0.806,0
AMD,08/02/2021 13:00,Isn't AMD heavily bullied? Any time they start looking good they get kicked in the nuts.,205,0.5986,0.107,0.605,0.288
TLRY,08/02/2021 16:00,"TLRY hit a 52 week high today- $28.98. As of this post, itâ€™s up 3%. Been going up pretty steadily",16,0.4939,0,0.849,0.151
PLTR,08/02/2021 14:00,"In more news on PLTR that just came in today, they have a new partnership with IBM to build hybrid data solutions for AI companies. Up 10% pre-market. Super bullish on PLTR and hold a position since last month.

Edit: on BB there's a valid bearish position that points to the fact that QNX  software (or similar) has been built in-house by a lot of the companies. Just to add to this.

Not financial advice, do your own DD",60,0.6808,0,0.929,0.071
AMD,08/02/2021 15:00,Today is making more sense. I eat my words below now! AMD on a nice pop today. We'll take it!,9,0.5242,0,0.834,0.166
DIS,08/02/2021 17:00,Who needs gamble meme stocks when DIS gives you a nice mostly low risk money pot over the last few months?  (I bought in at $126).,8,-0.1027,0.145,0.759,0.097
QCOM,08/02/2021 21:00,"Hey, Iâ€™m a newbie and Iâ€™d like to know how to get all of this information. I just started like two weeks ago and I donâ€™t know where to start, or how to get all of these news and information to invest. I always get delayed news or I just have to go with my own limited guidance on the great scale market trends e.g. I bought a blunder QCOM a day before the ER and I lost like $40, thinking that 5G is where the market is headed, and then I read a report about how 5G may not even grow so much anymore. Itâ€™s a bit overwhelming to say the least, and Iâ€™d like some guidance on how to get up to date information on current trends and growth possibilities",7,0.891,0.046,0.83,0.125
BCRX,08/02/2021 16:00,"Here's another recent BCRX DD post.

https://www.reddit.com/r/wallstreetbets/comments/l8xiqh/bcrx_the_most_undervalued_stock_in_the_market/

(I'm long BCRX)",6,0,0,1,0
DM,08/02/2021 16:00,DM Desktop Metals is a very good long term stock,12,0.4927,0,0.715,0.285
PLTR,08/02/2021 21:00,BB and PLTR calls it is.,6,0,0,1,0
BCRX,08/02/2021 19:00,Itâ€™s bizarre to me that the $BCRX post at the bottoms is filled with accounts that are just days old commenting how good the company is and how the stock is gonna soar. Seems like a red flag to me but Iâ€™ll have to look into the ticker some more.,6,0.2617,0.032,0.896,0.072
TV,08/02/2021 21:00,"I tried to make it easy to skip around if you just want to see the financials or estimates. Just scroll to them if you don't care what the company is or their sector/competition/management. TL;DR at bottom with final thoughts.

**Introduction**

â€œ[FuboTV](https://en.wikipedia.org/wiki/FuboTV) ($FUBO) is an American streaming television service that focuses primarily on channels that distribute live sports, including NFL, MLB, NBA, NHL, MLS and international soccer, plus news, network television series and movies.

Launched on January 1, 2015 as a soccer streaming service, FuboTV changed to an all-sports service in 2017 and then to a virtual multichannel video programming distributor (vMVPD) model. As a vMVPD, FuboTV still calls itself sports-first but its expanded channel lineup targets cord cutters, offering a selection of major cable channels and OTT-originated features that can be streamed through smart TVs, mobile and tablets and the web. The service is available in the United States, Canada and Spain as of 2018.""

From their [home](https://www.fubo.tv/welcome) page:

They are the only competitors in their space of digital sports broadcasting, offer 4K streaming and upscaling of live sports, cloud DVR capability ranging from 250 or 1000 hours on standard plans, and is available on Roku, Apple TV, Amazon Fire TV, Chromecast, Samsung Smart TVs, Xbox One, Android TV, Android Smart TVs, and Android/iOS smartphones and tablets, with plans ranging from $24.99/month to $79.99/month (not including add-ons).

[They have also recently acquired one company and have made plans to acquire another to allow for in-house sports betting. They have stated in a press release that they plan to release a sportsbook before the end of the year.](https://ca.finance.yahoo.com/news/fubotv-accelerates-development-sportsbook-140000632.html) This will push them into a broader spectrum outside of only TV and sports streaming, and into the sports betting sector along with DraftKings ($DKNG), FanDuel ($PDYPY), and Penn National Gaming ($PENN).

[**Plans and Add-ons**](https://www.fubo.tv/welcome/channels)

FuboTV offers three standardized plans as of February 8, 2021: the Family plan is priced at $64.99/month (normally $75.97/month), Elite at $79.99/month (normally $100.95/month), and Latino Quarterly at $24.99/month, along with offering additional add-ons. Each plan offers a range of channels, cloud DVR capabilities (which allows fast-forwarding through commercials), and casting to multiple devices simultaneously. Only the Elite plan does not offer a 7-day free trial (*Channels page).*

The Family plan includes 117 channels (mostly news and entertainment with roughly 40 that offer sports, including ESPN), up to 250 hours of DVR space, and casting to 3 devices at once. The quarterly prepaid includes a free upgrade to 1000 hours of DVR space and 5 casting devices at home with 3 on the go (*Channels page).*

The Elite plan includes 164 channels (includes an additional â€œ47 entertainment channelsâ€), up to 1000 hours of DVR space, and casting to 5 devices at home with 3 on the go. This plan does not offer a quarterly prepaid (*Channels page).*

The Latino Quarterly plan includes 250 hours of DVR space and can be streamed on up to 3 devices at once, but only has 32 channels. This plan needs to be prepaid every 3 months for a total charge of $74.97 and does not offer a monthly service (*Channels page).*

Upgrades include additional DVR space--1000 hours for an additional $6.99/month for the Family and Latino Quarterly--and increased device casting--an additional 2 devices at home with 3 on the go for another $9.99/month for the Family and Latino Quarterly plans. You can also add a variety of channels and sports packages (the Latino Quarterly has fewer channel add-ons compared to the Family and Elite plans, which both have the same channel varieties). Sports Plus with NFL RedZone is an additional $10.99/month, but includes all professional and college sports broadcasting services for football, basketball, baseball, hockey, tennis, fighting, etc. (*Channels page).*

Fubo has recently removed its former Standard plan, which included only 65 channels, up to 2 casting devices, and only 30 hours of DVR support for $60/month.

**Financials and Growth**

Fubo has yet to file an annual report as they have gone public in October of 2020, but they have filed a [10-Q](https://s21.q4cdn.com/819998841/files/doc_financials/2020/q3/16be93b6-1b43-471a-a81f-a8b07e43e47c.pdf) for Q3 2020. All numbers in thousands.

Assets-

Between December 31, 2019 and September of 2020, assets have increased from $368,225 to $799,313 (a 117% increase) . Total current assets increased from $17,973 to $58,016, but accounts receivable decreased from $8,904 to $6,975--this may be attributed to the increase in prepaid subscriptions which increased from $1,445 to $12,177 which shows strong customer satisfaction and retention.

Liabilities-

Liabilities have increased from $145,049 to $290,376 (a 100% increase). The largest contributors to their liabilities are â€œDue to related partiesâ€ increasing from $665 to $85,847, â€œWarrant liabilitiesâ€ increasing from $24 to $28,085, and â€œAccounts payableâ€ from $36,373 to $61,679. Long-term borrowings have decreased from $43,982 to $25,905.

Revenues-

Subscription revenues increased by $53,433, totaling $92,945 for the year. Total revenues including advertisements and licensing have increased by $61,202, totaling $112,669 for the year and an increase of 47% YOY. Q4 revenue is estimated to be between $94,000 and $98,000 which would be a 77-84% increase YOY.

Expenses-

Subscriber related expenses total $114,315 for the year. Total expenses have totaled $500,249 for the year.

Subscribers-

Ended Q3 with 455,000 paid subscribers, a YOY increase of 58%, and plans to end 2020 with over 545,000, an increase of 72% YOY.

**Competition**

Its closest competitors are Hulu + Live TV (owned by Disney ($DIS)), YouTube TV (owned by Alphabet ($GOOG)), and Sling TV (owned by Dish Network ($DISH)).

Hulu + Live TV

* Includes league networks
* 50 hours of free DVR (200 hours for $9.99/month)
* More than 74 channels
* Unskippable ads on DVR without upgrade to 200 hours
* 2 streams at a time
* $64.99/month
* Can add ESPN+ and Disney+ for an additional $7/month

YouTube TV

* Includes league networks
* Unlimited DVR storage
* More than 85 channels plus YouTube Red Originals
* 3 streams at a time
* Sports Plus package for an additional $10.99/month
* NBA LeaguePass for an additional $40/month or $119.99 annually
* Starting at $64.99/month

Sling TV Blue

* Includes league networks
* DVR up to 50 hours (200 hours for $5/month)
* More than 45 channels
* 3 streams at a time
* Sports Extra package for an additional $11/month
* Starting $35/month
* Can be combined with Sling TV Orange for a total of $50/month

Sling TV Orange

* Includes league networks
* DVR up to 50 hours (200 hours for $5/month)
* More than 30 channels
* 1 stream at a time
* Sports Extra package for an additional $11/month
* Starting at $35/month
* Can be combined with Sling TV Blue for a total of $50/month

**The vMVPD Sector**

Cord-cutting has become increasingly popular over the last few years with consumers dropping traditional cable and satellite networks in favor of streaming services--such as Hulu, Netflix, Disney+, etc.--and vMVPD services.

[In 2019 alone, 6.3 million people cut their cable connection, totaling 39.3 million. In a survey of what they might miss most from cable networks, 52% said they donâ€™t miss anything, 23% missed live events on TV, 22% missed news, and 19% missed live sports](https://www.emarketer.com/content/most-cord-cutters-aren-t-missing-cable-tv)*.* Although not all of those that miss aspects of cable will pay for another subscription service, the sentiment exists for a sports-focused platform that offers other large networks as well.

[Another report by Parks Associates reveals that 17% of vMVPD subscribers switched from traditional TV within the last twelve months. In the same report, a survey conducted on current broadband households determined that 43% were â€œlikely to switch to aâ€¦ vMVPD within the next 12 months](https://www.broadbandtechreport.com/video/article/14196415/report-examines-vmvpd-sector-growth-in-broadband-pay-tv-market)*.""* The potential growth exists for the live digital broadcasting space, although it is slowing down.

With the spread of COVID and quarantines, people have been spending more time at home. When things open and quarantines end, that will be the true test for these providers as people will spend less time watching TV.

**The Sports Betting Sector**

Legal sports betting has taken a huge leap in recent years with the introduction of online sports betting; the ability to place wagers from anywhere at any time and have instant gratification has boomed with its slow legalization. [This sector has a forecasted value of $150 billion with other competitors already having a completed project and vast market share. In 2019, DraftKings ($DKNG) and FanDuel (PDYPY) controlled 83% of the market share](https://www.cnbc.com/2019/04/27/fanduel-draftkings-race-to-win-150-billion-sports-betting-market.html).

[FuboTV plans to join into this space with its own sportsbook. Their recent acquisition of Balto Sports in December of 2020, whose business was in simulating fantasy sports games, is Fuboâ€™s first step into sports wagering. They plan to create a free-to-play gaming system alongside online sports wagering](https://www.businesswire.com/news/home/20201201006185/en/fuboTV-Acquires-Balto-Sports-as-First-Step-Into-Online-Sports-Wagering-Market)*.*

[Their next planned acquisition, which was announced in January of 2021, will be to acquire Vigtory, a sports betting and interactive gaming company. According to BusinessWire, they plan to utilize Vigtoryâ€™s â€œsportsbook platform and digital gaming assets, and its consumer-driven betting technology, to develop a frictionless betting experience for fuboâ€™s customers](https://www.businesswire.com/news/home/20210112005596/en/fuboTV-Accelerates-Development-of-Sportsbook).""

These recent acquisitions set Fubo up to create an all-in-one viewing and betting experience, which could add new customers to their subscriber list and seal them into online wagering.

[It has been over two years since the Supreme Court has denied the federal ban on sports betting, which would have made online betting illegal in all of the United States. Currently, more than two dozen states have legalized sports betting, but most have only legalized in-person betting. More states may be willing to legalize to take advantage of the increased revenues and taxes associated with gambling and online wagering. As of 2020, six additional states plan to legalize some form of betting, although some are only allowing in-person. There are an additional 14 states that are considering the notion to allow legal gambling, whether in-person, online, or tribal](https://www.actionnetwork.com/news/legal-sports-betting-united-states-projections).

**Management and Investors**

David Gandler - CEO / Director / Co-Founder

Appointed as CEO and director in April of 2020. Prior to Fubo, Gandler had a 15 year career in marketing and advertising in local broadcast and cable TV within both general and Hispanic markets at companies such as Time Warner, Telemundo, and Scripps Networks Interactive.

Alberto Horihuela - CMO / Co-founder

In charge of marketing, Horihuela was head of Latin America for SVOD service DramaFever.

Simone Nardi - CFO

Nardi has worked as SVP and CFO of Scripps Networks Interactive where he was responsible for the finance and strategic planning for the companyâ€™s international business. Was also a key player in refinancing TVN S.A.â€™s billion dollar debt.

Large Investors

* Islet Management, LP with 5,108124 shares
* Morgan Stanley with 3,317,333 shares
* FMR LLC with 1,262,907 shares
* BlackRock Inc. with 956,678 shares
* Merger with FaceBank for $100 million revolving credit

**Analysts and Estimates**

Average analyst ratings put Fubo at a Buy to Strong Buy rating with an average price target of $45.50 with a high of $60 and a low of $30. EPS estimates are estimated to be -5.23 for 2020 and -1.64 for 2021.

Currently has a short float of about 75%, but the short volume has been holding at roughly 15-20% over the last month and has drastically declined from its October short volume of over 50%.

Originally valued at $700 million less than a year ago, a current valuation of $3.19 billion is respectable for this company and is on par for its current performance.

**Risks**

* Marketing fails and Fubo is never known as a household name, so consumers stick with other more known providers
* Their sportsbook fails and becomes dead weight and wasted money
* Subscriber count and streaming drops as quarantine lifts, reducing revenues while maintaining expenses
* Consumers opt for cheaper options
* People paying for the sports package cancel when the season is over, creating a boom and bust cycle if not managed correctly

**Final Thoughts / TL;DR**

With its drastic growth over the last year (400% in the last 4 months), support from FaceBank and well-known investors, and plans to join the sports betting sector, FuboTV has potential to become a household name and grow well beyond its current valuation by combining both sports broadcasting and online sports betting into one convenient place. Although unlikely to overthrow any of the current forces, it can become the best live sports broadcaster that people can turn to when they cut cable but want to keep live sports. It has many hurdles to overcome (creating their sportsbook, better marketing, increasing subscriber count, etc.) before it is any real competition to its already established competition.

At a $3.19 billion market cap and very high (75%) short interest, it will be very difficult to realize consistent growth, but it is on par for a company with almost $100 million in revenue.

**My Position**

25 shares at $47.30

&#x200B;

Edit: edited final thoughts/TL;DR

Please provide feedback! First time actually researching and compiling information for a company and not just reading about them on here. Also, please ask questions to clear up any confusion; it was kinda hard to put everything together neatly, so I might have accidentally left stuff out or over/under explained some things.",161,0.9989,0.044,0.858,0.099
NFLX,09/02/2021 00:00,"Enjoyed the read, thank you. I was thinking from a P/S point of view that (as of Friday close) $FUBO was at 6.33 while $NFLX was 9.76, a +54% increase. $ROKU is a bit insane at 20.6, but that's +226% compared to $FUBO. I think if they can have a really strong Q4 ER this stock is going to have a good time. 

Couple other tickers I was curious about:

MTCH P/S 8.94

SPOT P/S 7.35",6,0.937,0.023,0.762,0.215
RKT,08/02/2021 23:00,"Iâ€™m a 20 year old college student/business owner with 55k in capital. I have a strategy that works great for me, but I am very curious about value investing and am picking it up very quickly. Maybe someone can point me in the right direction.

Charlie Munger said Warren and him have 3 general rules.

1.) A business with some intrinsic characteristics that give it some durable competitive advantage.

2.) Management in place with a lot of integrity and talent

3.) Finally, no matter how wonderful it is it cannot have an infinite price, we have to have a price that makes sense

RKT checks all these boxes which really gets me thinking â€œis it too good to be true?â€. 

RKT is a holding company that has tons of subsidiaries in mortgage lending, making it the largest mortgage lender in the U.S. so itâ€™s definitely a company I wouldnâ€™t mind owning in 10 years. 

I am well aware that RKT is very new to the public, and I donâ€™t think thatâ€™s a problem, I think itâ€™s an opportunity considering how well established it is. 

I should also point out it has reliable earnings since itâ€™s recent IPO mid 2020, and itâ€™s low P/E ratio is very attractive. 

Iâ€™m interested in selling puts with about 20% of my portfolio at a strike of $20. In other words Iâ€™m looking to buy it at $20/share. When factoring in premium the price in which I buy will be much lower, and the premium will be a 1% gain which in my eyes is a jackpot! I know this isnâ€™t an options community so bear with me...

In my case, 10k in collateral for 5 contracts at around .20 per share in premium expiring next Friday. If the contracts arenâ€™t exercised then I repeat the process and make a whole bunch of money ultimately lowering the cost basis. If I do get exercised I collect 500 shares at $19.80, far below what I believe to be its intrinsic value. 

Iâ€™m hard to offend so give me your honest opinion on my first analysis! What do you guys think?",29,0.9948,0.052,0.764,0.183
RKT,08/02/2021 23:00,"Iâ€™m a big fan of RKT and I really believe this stock should be higher. It barcodes a lot though. Big banks donâ€™t like the competition and short it to death. 

Itâ€™s a good swing play though if thatâ€™s youre thing.",20,0.6369,0.085,0.696,0.22
RKT,09/02/2021 00:00,My worry about RKT is I donâ€™t trust this housing market to last. COVID has caused a huge boom on houses with a flight from the cities to the suburbs and from apartment renters buying homes so they can have a yard. I know several realtors and know people in a few different places around the country(several of which have bought houses in the past year when they previously had no plans to) and they have all said the housing market is ridiculous right now. Everything is being bought quickly and prices have skyrocketed. I donâ€™t think a crash is coming or anything like 2008 but I do think it will dip a good bit in a year or two.,13,0.5023,0.061,0.859,0.08
GO,08/02/2021 13:00,"LETS GO BOYS
LET THINE HANDS BE STRONG
AND LET THE HEDGIES BE FUCKED",40,-0.2732,0.223,0.609,0.168
GME,09/02/2021 03:00,GME 800c 2-19.  I have a really good feeling about the SI numbers tomorrow ;),40,0.707,0,0.593,0.407
GO,08/02/2021 14:00,"GO GME GO YOU STUPID PIECE OF SHIT I LIKE THE STOCK HAHA YES 

ğŸš€ğŸš€ğŸš€ğŸš€ğŸš€ğŸš€ğŸš€ğŸš€ğŸš€ğŸš€ğŸš€ğŸš€ğŸš€ğŸš€ğŸš€ğŸš€ğŸš€ğŸš€ğŸš€ğŸš€ğŸš€ğŸš€ğŸš€ğŸš€ğŸš€ğŸš€",28,0.2342,0.304,0.323,0.373
GO,08/02/2021 14:00,LETS GO FUCKING EAT CRAYONS!!! ğŸš€ğŸš€ğŸš€ğŸš€ğŸš€ğŸš€ğŸš€ğŸš€,17,0,0,1,0
CAN,08/02/2021 14:00,"To all the melvin interns out here scouring the subreddit, here's what I want to say. YOU CAN SUCK MY HAIRY ASIAN BALLS. I'M BUYING AND HOLDING AND SMILING AS YOUR RICH ASS BURNS TO THE GROUND. Thank you and have a wonderful day.",68,0.7717,0.135,0.599,0.266
SO,08/02/2021 18:00,WOW I AM SO SCARED I NEED SOME DIAPERS. ğŸ‘ğŸ¼ğŸ’ğŸ‘ğŸ¼ğŸ’ğŸ‘ğŸ¼ğŸ’ğŸ‘ğŸ¼ğŸ’ğŸ‘ğŸ¼ğŸ’ğŸ’,16,-0.0325,0.307,0.395,0.298
REAL,08/02/2021 14:00,only 2.8 million volume. strange. weâ€™ll probably pick up around noon and then see some REAL swings.,13,-0.2023,0.101,0.899,0
RSI,08/02/2021 19:00,"RSI at 5, suggesting way too oversold. Indicating a moonshot incoming",12,0,0,1,0
TLK,08/02/2021 14:00,$DNT $FRGT $TO $TLK $LIKE $THS $TO $THRW $OFF $THSE $HEDGY $ROBOT $CNTS,92,0,0,1,0
AN,08/02/2021 14:00,"IT WAS AN HONOR SERVING WITH YOU APES. HOLD. AUGH, AUGH GAWD THE PRESSURE",12,0.25,0.126,0.69,0.184
CAN,08/02/2021 15:00,"HOLY FUCK NOW I CAN BUY 15 SHARES WITH THE SAME AMOUNT I USED TO BUY 2 SHARES AT $470

MERRY FUCKING CHRISTMAS GOD BLESS JESUS 
ğŸš€ğŸŒšğŸš€ğŸŒšğŸš€ğŸŒšğŸš€ğŸŒšğŸš€ğŸŒšğŸš€ğŸŒšğŸš€ğŸŒšğŸš€ğŸŒšğŸš€ğŸŒšğŸš€",55,0.9341,0.104,0.443,0.452
OCGN,08/02/2021 18:00,"Officially covered my GME ""losses"" by selling OCGN at 18.3, after picking it up at 1.79. I'm never fucking selling GME to these rich fucks now",54,0.128,0.101,0.782,0.117
GO,08/02/2021 14:00,"I AM STILL HOLDING!!!

&#x200B;

STONKS ONLY GO UP ğŸš€ğŸš€ğŸš€ğŸš€ğŸš€ğŸš€ğŸš€",11,0,0,1,0
IBKR,08/02/2021 14:00,IBKR had over 2m shares to short now it's down quite a bit. Seems like they are really throwing it all out there to keep price down,11,0.6077,0,0.829,0.171
GO,08/02/2021 13:00,LET'S DO THIS HERE WE GO BIG WEEK COMING,46,0,0,1,0
GO,08/02/2021 14:00,LETS GO APES TO THE MOON GMEEEEEEE,41,0,0,1,0
CAN,08/02/2021 14:00,WE CAN GO UP! yeah WE CAN GO UP! yeah yeah,11,0.7339,0,0.527,0.473
OI,09/02/2021 00:00,Still 600 OI and no volume on the 4/16 $12c. DFV stands for DiamondFuckingVeins? If heâ€™s still in Iâ€™m still in.,9,-0.296,0.099,0.901,0
TV,08/02/2021 11:00,"It's the Year 2031AD (or 10PS, ""10 Post Squeeze"").

&nbsp;

I wake up in my GameStop-branded bed and pull back the curtains to another beautiful day. The surface of the moon is sparkling with the glistening glow of fresh tendies that rained overnight.

&nbsp;

I turn on the TV to check the value of the GMED (GameStop Dollar, the new global currency after the Great Squeeze of 2021) and find it has risen 1% overnight -- $12055 per share, not bad. The ongoing court case against the market manipulators looks like it will soon resolve in our favour; it's frustrating it has taken this long, but nobody said justice was quick.

&nbsp;

After finishing a delicious bowl of Nintendo Cereal System, which was brought back into GameStop shelves in 2029 to celebrate its 40th anniversary, I put on my shoes and coat to head to work.

&nbsp;

As I open my garage, I am greeted by my Lambo, custom plate ""GME21"", its yellow paint glimmering in the light. No matter how many times I sit behind the wheel of this beautiful machine, it somehow never gets old. I hope it never does.

&nbsp;

Feeling in a particularly good mood, I am driven to work with the power of Blackberry's latest EV technology along the freshly constructed moon highway to the sea of tranquility, where my workplace, GameStop MegaTower #4 is located. After their market cap reached $1 trillion, it didn't take long for GameStop to expand into every industry imaginable -- and some that were even beyond our imagination. 

&nbsp;

After a fulfilling morning trading $GME and GMED on the integalactic market, I decide to take the hyperloop to my favourite lunar restaurant for lunch. Andrew Left takes my order, looking a little dishevelled but otherwise relieved to have found a job somewhere to help pay off his debts. I exchange 0.00019 $GME for a plate of tendies with ketchup. It was delicious.

&nbsp;

I decide to take the afternoon off from work, as working is not a necessity for those who had diamond hands pre-squeeze. I stop off at GameStop on the way home to pick up the PS6 Slim and Nintendo Switch 2 XL, which I look forward to playing in the evening.

&nbsp;

As I sit in my living room enjoying my games, I sit back and wonder how life would have been so much different if I hadn't held with diamond hands. Through dips and spikes. What WallStreetBets and the internet community managed to pull off was the greatest wealth transfer in history, and life was never the same again. I shudder at the thought of a world where I had taken profits at $1,000 -- I would have enjoyed a nice holiday, sure, but those pleasures come-and-go. Only by holding were we able to change the world forever, to change the world into a fairer and brighter place.

&nbsp;

That night, I bow to my framed photograph of /u/deepfuckingvalue before falling asleep, a soft smile on my face, optimistic and excited for what awaits me tomorrow.",66,0.9988,0.027,0.752,0.221
GO,08/02/2021 14:00,"LETS GO GME ğŸ’ğŸ‘ğŸ’ğŸ‘
LETS GO GMEğŸš€ğŸš€ğŸš€ğŸš€
LETS GO GMEğŸ’ğŸ‘ğŸ’ğŸ‘
LETS GO GMEğŸš€ğŸš€ğŸš€ğŸš€
LETS GO GME ğŸ’ğŸ‘ğŸ’ğŸ‘
LETS GO GMEğŸš€ğŸš€ğŸš€ğŸš€
LETS GO GMEğŸ’ğŸ‘ğŸ’ğŸ‘
LETS GO GMEğŸš€ğŸš€ğŸš€ğŸš€
LETS GO GME ğŸ’ğŸ‘ğŸ’ğŸ‘
LETS GO GMEğŸš€ğŸš€ğŸš€ğŸš€
LETS GO GMEğŸ’ğŸ‘ğŸ’ğŸ‘
LETS GO GMEğŸš€ğŸš€ğŸš€ğŸš€
LETS GO GME ğŸ’ğŸ‘ğŸ’ğŸ‘
LETS GO GMEğŸš€ğŸš€ğŸš€ğŸš€
LETS GO GMEğŸ’ğŸ‘ğŸ’ğŸ‘
LETS GO GMEğŸš€ğŸš€ğŸš€ğŸš€
LETS GO GME ğŸ’ğŸ‘ğŸ’ğŸ‘
LETS GO GMEğŸš€ğŸš€ğŸš€ğŸš€
LETS GO GMEğŸ’ğŸ‘ğŸ’ğŸ‘
LETS GO GMEğŸš€ğŸš€ğŸš€ğŸš€
LETS GO GME ğŸ’ğŸ‘ğŸ’ğŸ‘
LETS GO GMEğŸš€ğŸš€ğŸš€ğŸš€
LETS GO GMEğŸ’ğŸ‘ğŸ’ğŸ‘
LETS GO GMEğŸš€ğŸš€ğŸš€ğŸš€
LETS GO GME ğŸ’ğŸ‘ğŸ’ğŸ‘
LETS GO GMEğŸš€ğŸš€ğŸš€ğŸš€
LETS GO GMEğŸ’ğŸ‘ğŸ’ğŸ‘
LETS GO GMEğŸš€ğŸš€ğŸš€ğŸš€",66,0,0,1,0
TSLA,08/02/2021 14:00,Oh look TSLA is up... Guess I'll cash some out for more gme!!!,36,0,0,1,0
CAN,08/02/2021 15:00,"# DONâ€™T WASTE YOUR TIME BOTS, I CAN SEE HOW HARD YOU GUYS ARE TRYING. THIS IS OUR HOME AND ITâ€™S MADE OF ğŸ’DIAMOND!!!",53,-0.6219,0.202,0.798,0
GD,08/02/2021 18:00,"26 shares at 344. Was retarded, still retarded, but holding this GD line.",69,-0.4767,0.288,0.613,0.098
RUN,08/02/2021 15:00,"I WILL NOT BE AS VOCAL GOING FORWARD, BUT I WILL BE HOLDING. THE GME RUN UP HAS DRAINED MY ATTENTION FROM OTHER ASPECTS OF LIFE, BUT I WILL BE HOLDING MY SHARES FROM HERE ON OUT, JUST SILENTLY. 

ALL THE LUCK IN THE WORLD TO YOU CRAZY DIAMONDS ğŸ¥œğŸ¥œğŸ¥œğŸ¥œ",49,0.1154,0.141,0.71,0.149
PLAN,08/02/2021 13:00,"Don't be surprised when things get crazy again.

Don't get emotional or scared when things don't go your way.

HAVE A GAME PLAN and stick to it.

This way you won't feel bad when the inevitable craziness continues.

ğŸ¦ğŸ¤ğŸ’ª",28,-0.7319,0.24,0.698,0.062
RUN,08/02/2021 15:00,#ALL THE BITCHES RUN IN AS SOON AS IT DROPS A LITTLE ğŸ˜‚ğŸ˜‚ğŸ˜‚,29,-0.6841,0.296,0.704,0
TSLA,09/02/2021 01:00,">[In early 2020, Tesla was the most-shorted stock on the U.S. exchanges, with more than 18% of its outstanding stock in short positions.](https://www.cnbc.com/2020/02/03/telsa-shorts-down-8-billion-in-2020-including-2point5-billion-on-monday.html)

**18%** Wow! That's *so high*!

G M E ğŸš€",29,0.855,0,0.756,0.244
HAS,09/02/2021 03:00,"Jesus christ what the fuck is going on in here. Iâ€™m taking a shit and come on here to have a good laugh. But all these motherfuckers are making fun of me for holding GME. THIS APE RIGHT HERE HAS 30 SHARES @ 62 AND IM NEVER FUCKIN SELLING. So suck my fuck, you worthless bots.",64,-0.6072,0.227,0.599,0.173
TD,08/02/2021 18:00,TD Ameritrade has said GME is still a hard to borrow stock. Short squeeze is on the menu!,45,-0.1759,0.096,0.904,0
AN,08/02/2021 20:00,"Never get me to sell YA FUCKING STOOGES CRAWLING/ slithering AROUND IN THIS SUB TRYING TO MAKE US SELL 

NICE TRY PUSSIES 

THEY SHOULD CALL ME AN OFFENSIVE LINEMAN BC I LOVE TO HOLD",42,0.694,0.088,0.711,0.201
IBKR,08/02/2021 16:00,"IBKR shows 2 million shares available to short at 4.21% borrow rate.

Will be interesting to see how aggressively they short this again if it dares go up to 70-80 or higher.",5,0.3818,0.065,0.795,0.139
GO,08/02/2021 17:00,Lets see what the reports say tomorrow boys!! Tomorrow is the 9th...I can hold another day. LETS GO,27,0,0,1,0
AN,08/02/2021 15:00,QUICK BUY THE DIP ITS COMING BACK UP AGAIN CATCH IT IN AN UPTREND ğŸ’ğŸ–ğŸ»ğŸ’ğŸ–ğŸ»ğŸ’ğŸ–ğŸ»ğŸ’ğŸ–ğŸ»ğŸ’ğŸ–ğŸ»ğŸ’ğŸ–ğŸ»ğŸ’ğŸ–ğŸ»ğŸ’ğŸ–ğŸ»ğŸ’ğŸ–ğŸ»ğŸ’ğŸ–ğŸ»ğŸ˜ğŸ˜,23,0,0,1,0
CAN,08/02/2021 20:00,"**TBONEPERRY, IT'S BEEN 14 MINUTES SINCE YOUR LAST SPAM, WHEN CAN WE EXPECT YOUR NEXT FUD SPAM??**",24,-0.7526,0.3,0.7,0
CAN,09/02/2021 00:00,"Hey I'm in on GME & AMC with money I CAN afford to lose.  I plan to ride to the moon or crashing to zero.  

I do have a question.... obviously no one can predict when this will happen, however, can someone tell me WHAT would cause this to happen? Also, what signs would indicate it's about to?

Explain like I'm 5 cause I'm a retard.

I'm ready for ridicule but thought some other retard smarter than me could explain.",23,-0.6261,0.148,0.764,0.088
CAN,08/02/2021 15:00,YOU CAN DOWNVOTE ME ALL YOU WANT BOTS I WILL HOLD UNTIL I DIE,76,-0.5574,0.257,0.658,0.086
GO,08/02/2021 14:00,# LISTEN HERE; I AM NOT SELLING. GO WASTE YOUR TIME SOMEWHERE ELSE. I AM NOT SELLING.,38,0.3252,0,0.848,0.152
SO,08/02/2021 20:00,The fact these bots are trying SO HARD to make us give up an sell prove weâ€™re winning fellas. Why spend resources on FUD if gme is really died? NOTHING BUT ğŸ¤šğŸ¼ğŸ’ğŸ¤šğŸ¼ğŸ’ğŸ¤šğŸ¼ğŸ’ğŸ¤šğŸ¼,39,-0.5011,0.176,0.764,0.06
FIVE,08/02/2021 20:00,Chill you pussies. Weâ€™re down 5 points since Friday. We dropped more than 400 last week. FIVE pts and yall losing your minds,37,-0.3818,0.11,0.89,0
PLAY,09/02/2021 02:00,"IT DOESN'T MATTER IF YOU OWN THE GAME OR NOT, MONTHLY SUBSCRIPTION FEES AND NEW GAMES TO PLAY ALL ON GAMESTOP. IT'LL BE THE NEXT NETFLIX!!!",38,0.4943,0.038,0.847,0.116
GO,08/02/2021 14:00,1 minute till showtime LETS GO,5,0,0,1,0
GO,08/02/2021 20:00,"Just bought my first stocks ever LETS GO YOU FUCKING RETARDS (am I doing this right?)

ğŸš€ğŸš€ğŸš€ğŸš€",57,0,0,1,0
TWO,08/02/2021 15:00,"Just stopping by to remind everyone to take a deep breath, go for a walk, donâ€™t neglect your day job. Itâ€™s down TWO DOLLARS today and people are shilling panic. It was down FIFTY TIMES THAT twice last week. 

Keep calm and hold the line.",47,-0.6808,0.161,0.793,0.047
SO,09/02/2021 01:00,"Ahhhh the fact we have FUD accounts active here all day and night (commenting literally 12 hours a day non stop about gme) telling us it's over, copy and pasting bullshit comments, demanding us to sell, spreading pure utter shit...

Short and distort is what's up 

IT'S SO FUCKING BULLISH ahahahahha

You will never get these fucking shares you shill retards. I'll gobble up more tomorrow and those I know back in GME are doing the same 


ğŸš€ğŸš€ğŸš€ğŸš€ğŸš€ğŸš€",70,-0.7808,0.149,0.791,0.06
SO,08/02/2021 20:00,IT HIT 60! MY WIFES BOYFRIEND IS SO PROUD OF ME!!!,20,0.7922,0,0.624,0.376
GO,08/02/2021 14:00," LOOK AT THIS COMMENT. BOTS ARE TRYING TO DISBAND US. STOP FUCKING LOOK AT THE NEGATIVE COMMENTS, WHALES ARE ENTERING THE FUCKING FIGHT. HOLD AND KEEP BUYING. NO ONE FUCKING LIKES HEDGIES. NO ONE. LET'S GO BOYS ONLY BUY NEVER SELL!!!",32,-0.8743,0.27,0.671,0.059
COST,08/02/2021 15:00,"JUST LOADED UP ON 2 MORE SHARES COST BASIS STILL 300+ WHO'S WITH ME? ğŸ¦ğŸ’ğŸ™Œ

Edit: Okay I was trolling you can stop upvoting now...",36,0.566,0.078,0.713,0.209
MAN,08/02/2021 16:00,ANOTHER 500 INTO GME THE TENDIE MAN IS COMING,38,0,0,1,0
NFLX,08/02/2021 20:00,My life goal is to the biggest loser on the GME threads so everyone in my immediate and distant family can see how big of a degenerate I am in the upcoming NFLX movie,31,-0.5267,0.099,0.901,0
PLTR,08/02/2021 13:00,Seems like PLTR stealing the show today but GME still seems stable. I assume itâ€™ll be the classic uptick in the morning and lowest at 10:30,19,-0.296,0.184,0.671,0.145
SO,08/02/2021 16:00,"So weird all these people in here SO against anyone buying and holding this stock.  Just doesn't feel right.  I get there are a handful of trolls, but most of these posts read like a script.",60,0.4124,0.042,0.867,0.091
REAL,09/02/2021 06:00,"I cannot stress how important it is that you guys DO NOT pin all your hopes on tomorrow's numbers. It is likely to be \~50% AND REAL since the borrow rate has dipped to <5%, which was way below the rate for December. If you wanna know if GME is good for holding long term, you got to wait for the week of 03/08.

edit: im holding 2500 shares and some of you fucking idiots are downvoting me",122,0.8243,0.019,0.859,0.122
CAN,08/02/2021 17:00,THE HYPE IS DYING DOWN BUT DON'T LET IT. WE CAN WIN,49,0.7351,0,0.679,0.321
CAN,08/02/2021 15:00,""" YOU CANNOT SEPERATE GME HOLDERS AND TENDIES.  BECAUSE NO ONE CAN HAVE TENDIES UNLESS HE IS GME HOLDER. "" -Malcom X",15,-0.4466,0.14,0.86,0
PACK,09/02/2021 04:00,#SMOKING ON DAT GME PACK,16,0,0,1,0